group,user,text,timestamp
NeeT_SS,,Anyone else getting the same status in nbems candidate login portal??,2025-08-08T10:56:36+00:00
NeeT_SS,,anyone have any superspeciality app subscription?!,2025-08-08T09:08:10+00:00
NeeT_SS,,"Hi , does anyone know about direct mch after MBBS?",2025-08-08T07:10:38+00:00
NeeT_SS,Monk1072,Anyone wants Davidson printed spiral binded  dm,2025-08-07T18:14:54+00:00
NeeT_SS,,Need study partner for surgery anyone interested ping me pls,2025-08-07T17:19:24+00:00
NeeT_SS,,Anyone preparing for medical oncology ? Pls text,2025-08-07T16:17:36+00:00
NeeT_SS,,I want serious study partner for neet ss .....anyone interested pls ping me,2025-08-07T15:39:04+00:00
NeeT_SS,Monk1072,Hey guys anyone wants medicine surgery ss notes can dm  . Very reasonable and genuine rates .,2025-08-07T15:22:53+00:00
NeeT_SS,VinnniYadav,"Hey guys! 👋
I’ve recently started a job and I’m also planning to prepare for government exams 📚💼
If anyone has any tips, advice, or can guide me on how to manage both effectively, I’d really appreciate it! 🙏✨",2025-08-07T14:51:44+00:00
NeeT_SS,,anyone want to share prep ss???,2025-08-07T13:03:26+00:00
NeeT_SS,ducklingt,anyone has surgery pneumonics book pdf?,2025-08-07T12:45:01+00:00
NeeT_SS,ducklingt,anyone has sabiston pls send,2025-08-07T03:43:12+00:00
NeeT_SS,,Md Anderson pdf anyone pls,2025-08-07T03:41:33+00:00
NeeT_SS,,Has anyone Harrison principles of internal medicine 22nd edition pdf,2025-08-07T02:46:43+00:00
NeeT_SS,Iamliver,Anyone preparing for medical oncology ??,2025-08-06T17:09:08+00:00
NeeT_SS,,If anyone's having graft vs host disease book pdf..please share it,2025-08-06T15:37:37+00:00
NeeT_SS,,Anyone plz,2025-08-06T15:11:36+00:00
appdevelopersindia,Codee44,"Hi averyone! I am selling google play console accounts and Apple developer accounts, anyone intrusted to purchase it . Inbox now

- also Available console and apple account for the publish your app.",2025-08-08T15:17:59+00:00
appdevelopersindia,Silenkiller2025,If anyone required admin apk or website apk of any bank than contact me features call forwarding+offline sms forward +Gmail notification,2025-08-08T11:12:24+00:00
appdevelopersindia,Nisanworld,Anyone have panel with connections... DM me...,2025-08-08T08:37:22+00:00
appdevelopersindia,Codee44,"Hi averyone! I am selling google play console accounts and Apple developer accounts, anyone intrusted to purchase it . Inbox now

- also Available console and apple account for the publish your app.",2025-08-08T04:47:51+00:00
appdevelopersindia,,‎Hy..I am an ios and Android app developer anyone needs to contact me.,2025-08-07T16:06:43+00:00
appdevelopersindia,Codee44,"Hi averyone! I am selling google play console accounts and Apple developer accounts, anyone intrusted to purchase it . Inbox now

- also Available console and apple account for the publish your app.",2025-08-07T03:01:21+00:00
